postcode,population,active,cases,rate,new,band,data_date,file_processed_date
3195,35867,66,177,184,3,4,22/10/2021,23/10/2021
3196,25329,65,214,256.6,0,5,22/10/2021,23/10/2021
3197,11547,32,67,277.1,3,5,22/10/2021,23/10/2021
3198,16462,76,132,461.7,2,5,22/10/2021,23/10/2021
3199,54299,145,333,267,25,5,22/10/2021,23/10/2021
3200,5759,38,78,659.8,0,6,22/10/2021,23/10/2021
3201,20713,122,227,589,6,6,22/10/2021,23/10/2021
3202,2907,1,9,34.4,0,2,22/10/2021,23/10/2021
3204,30642,52,175,169.7,0,4,22/10/2021,23/10/2021
3205,10919,52,114,476.2,0,5,22/10/2021,23/10/2021
3206,10366,17,82,164,1,4,22/10/2021,23/10/2021
3207,16180,58,247,358.5,0,5,22/10/2021,23/10/2021
3211,1319,11,45,834,4,6,22/10/2021,23/10/2021
3212,16650,36,78,216.2,6,5,22/10/2021,23/10/2021
3213,4032,0,0,0,0,0,22/10/2021,23/10/2021
3214,23960,54,151,225.4,4,5,22/10/2021,23/10/2021
3215,20615,16,89,77.6,3,3,22/10/2021,23/10/2021
3216,56285,24,151,42.6,2,2,22/10/2021,23/10/2021
3217,6607,57,86,862.7,5,6,22/10/2021,23/10/2021
3218,13438,4,21,29.8,1,2,22/10/2021,23/10/2021
3219,19719,10,41,50.7,1,3,22/10/2021,23/10/2021
3220,16352,9,40,55,1,3,22/10/2021,23/10/2021
3221,754,0,3,0,0,0,22/10/2021,23/10/2021
3222,14962,9,30,60.2,1,3,22/10/2021,23/10/2021
3223,7401,10,28,135.1,0,4,22/10/2021,23/10/2021
3224,14187,3,21,21.1,0,2,22/10/2021,23/10/2021
3225,4058,2,6,49.3,0,2,22/10/2021,23/10/2021
3226,14161,6,25,42.4,0,2,22/10/2021,23/10/2021
3227,4821,2,8,41.5,0,2,22/10/2021,23/10/2021
3228,17939,10,26,55.7,3,3,22/10/2021,23/10/2021
3230,2548,2,3,78.5,0,3,22/10/2021,23/10/2021
3231,1257,0,3,0,0,0,22/10/2021,23/10/2021
3232,1111,0,1,0,0,0,22/10/2021,23/10/2021
3233,2029,0,0,0,0,0,22/10/2021,23/10/2021
3234,179,0,0,0,0,0,22/10/2021,23/10/2021
3235,380,0,0,0,0,0,22/10/2021,23/10/2021
3236,230,0,0,0,0,0,22/10/2021,23/10/2021
3237,218,0,0,0,0,0,22/10/2021,23/10/2021
3238,219,0,0,0,0,0,22/10/2021,23/10/2021
3239,423,0,1,0,0,0,22/10/2021,23/10/2021
3240,2026,2,5,98.7,0,3,22/10/2021,23/10/2021
3241,2565,1,3,39,0,2,22/10/2021,23/10/2021
3242,828,0,1,0,0,0,22/10/2021,23/10/2021
3243,357,0,0,0,0,0,22/10/2021,23/10/2021
3249,3204,0,8,0,0,0,22/10/2021,23/10/2021
3250,12250,8,159,65.3,0,3,22/10/2021,23/10/2021
3251,522,0,7,0,0,0,22/10/2021,23/10/2021
3254,307,0,1,0,0,0,22/10/2021,23/10/2021
3260,4768,2,8,41.9,1,2,22/10/2021,23/10/2021
3264,2289,1,1,43.7,0,2,22/10/2021,23/10/2021
3265,2614,5,9,191.3,1,4,22/10/2021,23/10/2021
3266,3071,0,1,0,0,0,22/10/2021,23/10/2021
3267,245,0,0,0,0,0,22/10/2021,23/10/2021
3268,2601,2,2,76.9,0,3,22/10/2021,23/10/2021
3269,729,0,0,0,0,0,22/10/2021,23/10/2021
3270,251,0,0,0,0,0,22/10/2021,23/10/2021
3271,193,0,0,0,0,0,22/10/2021,23/10/2021
3272,1533,0,1,0,0,0,22/10/2021,23/10/2021
3273,146,0,1,0,0,0,22/10/2021,23/10/2021
3274,242,0,0,0,0,0,22/10/2021,23/10/2021
3275,426,0,0,0,0,0,22/10/2021,23/10/2021
3276,479,0,0,0,0,0,22/10/2021,23/10/2021
3277,1922,0,0,0,0,0,22/10/2021,23/10/2021
3278,315,0,0,0,0,0,22/10/2021,23/10/2021
3279,291,0,0,0,0,0,22/10/2021,23/10/2021
3280,31568,2,35,6.3,0,1,22/10/2021,23/10/2021
3281,1702,0,1,0,0,0,22/10/2021,23/10/2021
3282,2363,2,2,84.6,1,3,22/10/2021,23/10/2021
3283,1361,0,1,0,0,0,22/10/2021,23/10/2021
3284,3437,0,0,0,0,0,22/10/2021,23/10/2021
3285,1210,0,1,0,0,0,22/10/2021,23/10/2021
3286,564,0,0,0,0,0,22/10/2021,23/10/2021
3287,436,0,0,0,0,0,22/10/2021,23/10/2021
3289,757,0,0,0,0,0,22/10/2021,23/10/2021
3292,187,0,0,0,0,0,22/10/2021,23/10/2021
3293,302,0,1,0,0,0,22/10/2021,23/10/2021
3294,954,0,0,0,0,0,22/10/2021,23/10/2021
3300,10087,0,1,0,0,0,22/10/2021,23/10/2021
3301,1212,0,0,0,0,0,22/10/2021,23/10/2021
3302,371,0,0,0,0,0,22/10/2021,23/10/2021
3303,338,0,0,0,0,0,22/10/2021,23/10/2021
3304,2725,0,1,0,0,0,22/10/2021,23/10/2021
3305,12815,2,21,15.6,0,1,22/10/2021,23/10/2021
3309,126,0,0,0,0,0,22/10/2021,23/10/2021
3310,272,0,0,0,0,0,22/10/2021,23/10/2021
3311,1696,0,0,0,0,0,22/10/2021,23/10/2021
3312,1033,0,0,0,0,0,22/10/2021,23/10/2021
3314,525,1,1,190.5,0,4,22/10/2021,23/10/2021
3000,37979,208,587,547.7,30,6,22/10/2021,23/10/2021
3001,0,0,0,0,0,0,22/10/2021,23/10/2021
3002,4957,7,30,141.2,0,4,22/10/2021,23/10/2021
3003,5516,24,146,435.1,5,5,22/10/2021,23/10/2021
3004,9311,36,141,386.6,6,5,22/10/2021,23/10/2021
3005,523,0,0,0,0,0,22/10/2021,23/10/2021
3006,18811,67,240,356.2,7,5,22/10/2021,23/10/2021
3008,10438,38,168,364.1,4,5,22/10/2021,23/10/2021
3010,1595,0,0,0,0,0,22/10/2021,23/10/2021
3011,21464,111,439,517.1,4,6,22/10/2021,23/10/2021
3012,26295,135,454,513.4,9,6,22/10/2021,23/10/2021
3013,14967,31,173,207.1,3,5,22/10/2021,23/10/2021
3015,17472,52,250,297.6,8,5,22/10/2021,23/10/2021
3016,15558,40,115,257.1,5,5,22/10/2021,23/10/2021
3018,12685,25,100,197.1,1,4,22/10/2021,23/10/2021
3019,9199,65,266,706.6,5,6,22/10/2021,23/10/2021
3020,44784,357,1210,797.2,24,6,22/10/2021,23/10/2021
3021,54190,468,1599,863.6,40,6,22/10/2021,23/10/2021
3022,3102,18,139,580.3,1,6,22/10/2021,23/10/2021
3023,63974,547,1742,855,28,6,22/10/2021,23/10/2021
3024,23852,254,669,1064.9,6,7,22/10/2021,23/10/2021
3025,12155,76,736,625.3,10,6,22/10/2021,23/10/2021
3026,72,79,240,109722.2,7,7,22/10/2021,23/10/2021
3027,6650,27,194,406,1,5,22/10/2021,23/10/2021
3028,29198,160,562,548,15,6,22/10/2021,23/10/2021
3029,93946,949,3610,1010.2,69,7,22/10/2021,23/10/2021
3030,100311,574,1975,572.2,53,6,22/10/2021,23/10/2021
3031,18533,72,501,388.5,7,5,22/10/2021,23/10/2021
3032,29449,105,514,356.5,16,5,22/10/2021,23/10/2021
3033,14512,81,263,558.2,10,6,22/10/2021,23/10/2021
3034,11633,67,256,575.9,7,6,22/10/2021,23/10/2021
3036,5921,32,120,540.4,0,6,22/10/2021,23/10/2021
3037,51156,458,1571,895.3,19,6,22/10/2021,23/10/2021
3038,27258,187,558,686,5,6,22/10/2021,23/10/2021
3039,14252,44,225,308.7,4,5,22/10/2021,23/10/2021
3040,25939,69,400,266,9,5,22/10/2021,23/10/2021
3041,12412,38,174,306.2,6,5,22/10/2021,23/10/2021
3042,15762,80,250,507.5,2,6,22/10/2021,23/10/2021
3043,17715,80,389,451.6,5,5,22/10/2021,23/10/2021
3044,27116,152,581,560.6,16,6,22/10/2021,23/10/2021
3045,100,0,1,0,0,0,22/10/2021,23/10/2021
3046,34061,282,1721,827.9,11,6,22/10/2021,23/10/2021
3047,20901,330,1831,1578.9,28,7,22/10/2021,23/10/2021
3048,18025,244,1484,1353.7,9,7,22/10/2021,23/10/2021
3049,9266,70,334,755.5,7,6,22/10/2021,23/10/2021
3050,119,0,0,0,0,0,22/10/2021,23/10/2021
3051,14939,85,388,569,10,6,22/10/2021,23/10/2021
3052,5697,10,136,175.5,2,4,22/10/2021,23/10/2021
3053,18538,68,281,366.8,1,5,22/10/2021,23/10/2021
3054,8426,5,75,59.3,0,3,22/10/2021,23/10/2021
3055,14160,48,197,339,1,5,22/10/2021,23/10/2021
3056,24475,99,319,404.5,5,5,22/10/2021,23/10/2021
3057,11502,25,116,217.4,1,5,22/10/2021,23/10/2021
3058,33783,163,705,482.5,11,5,22/10/2021,23/10/2021
3059,15466,178,835,1150.9,6,7,22/10/2021,23/10/2021
3060,14040,134,771,954.4,10,6,22/10/2021,23/10/2021
3061,5059,58,455,1146.5,5,7,22/10/2021,23/10/2021
3062,0,0,1,0,0,0,22/10/2021,23/10/2021
3063,574,2,13,348.4,0,5,22/10/2021,23/10/2021
3064,75458,1108,5956,1468.4,56,7,22/10/2021,23/10/2021
3065,10447,67,246,641.3,2,6,22/10/2021,23/10/2021
3066,8512,51,182,599.2,3,6,22/10/2021,23/10/2021
3067,8199,14,77,170.8,1,4,22/10/2021,23/10/2021
3068,18665,44,210,235.7,4,5,22/10/2021,23/10/2021
3070,24567,61,278,248.3,0,5,22/10/2021,23/10/2021
3071,18569,61,251,328.5,5,5,22/10/2021,23/10/2021
3072,32848,165,552,502.3,12,6,22/10/2021,23/10/2021
3073,50479,326,1114,645.8,25,6,22/10/2021,23/10/2021
3074,20522,204,787,994.1,9,6,22/10/2021,23/10/2021
3075,22594,304,873,1345.5,17,7,22/10/2021,23/10/2021
3076,32395,322,1159,994,21,6,22/10/2021,23/10/2021
3078,11638,37,98,317.9,3,5,22/10/2021,23/10/2021
3079,15990,31,123,193.9,2,4,22/10/2021,23/10/2021
3081,13424,84,440,625.7,9,6,22/10/2021,23/10/2021
3082,29713,174,627,585.6,10,6,22/10/2021,23/10/2021
3083,31526,169,543,536.1,10,6,22/10/2021,23/10/2021
3084,25514,18,145,70.5,1,3,22/10/2021,23/10/2021
3085,13882,21,80,151.3,1,4,22/10/2021,23/10/2021
3086,908,0,0,0,0,0,22/10/2021,23/10/2021
3087,9033,27,85,298.9,0,5,22/10/2021,23/10/2021
3088,26890,59,216,219.4,1,5,22/10/2021,23/10/2021
3089,11739,19,62,161.9,0,4,22/10/2021,23/10/2021
3090,2362,3,63,127,0,4,22/10/2021,23/10/2021
3091,1585,2,6,126.2,1,4,22/10/2021,23/10/2021
3093,3891,11,38,282.7,1,5,22/10/2021,23/10/2021
3094,8963,15,41,167.4,0,4,22/10/2021,23/10/2021
3095,27770,55,132,198.1,5,4,22/10/2021,23/10/2021
3096,1966,3,16,152.6,1,4,22/10/2021,23/10/2021
3097,1443,6,8,415.8,0,5,22/10/2021,23/10/2021
3099,4877,7,25,143.5,1,4,22/10/2021,23/10/2021
3101,24604,22,108,89.4,0,3,22/10/2021,23/10/2021
3102,6634,7,39,105.5,0,4,22/10/2021,23/10/2021
3103,15343,5,39,32.6,0,2,22/10/2021,23/10/2021
3104,20404,36,94,176.4,2,4,22/10/2021,23/10/2021
3105,10877,35,81,321.8,1,5,22/10/2021,23/10/2021
3106,16620,27,112,162.5,0,4,22/10/2021,23/10/2021
3107,13557,27,97,199.2,1,4,22/10/2021,23/10/2021
3108,20823,39,158,187.3,2,4,22/10/2021,23/10/2021
3109,28357,32,148,112.8,2,4,22/10/2021,23/10/2021
3111,12348,12,48,97.2,1,3,22/10/2021,23/10/2021
3113,8460,8,20,94.6,0,3,22/10/2021,23/10/2021
3114,3823,1,18,26.2,1,2,22/10/2021,23/10/2021
3115,3799,6,15,157.9,0,4,22/10/2021,23/10/2021
3116,9872,12,58,121.6,1,4,22/10/2021,23/10/2021
3121,30502,79,350,259,7,5,22/10/2021,23/10/2021
3122,23508,27,113,114.9,0,4,22/10/2021,23/10/2021
3123,14319,6,36,41.9,0,2,22/10/2021,23/10/2021
3124,22091,8,62,36.2,0,2,22/10/2021,23/10/2021
3125,15021,17,71,113.2,0,4,22/10/2021,23/10/2021
3126,8060,8,22,99.3,0,3,22/10/2021,23/10/2021
3127,18445,11,55,59.6,2,3,22/10/2021,23/10/2021
3128,19832,15,89,75.6,1,3,22/10/2021,23/10/2021
3129,17374,20,56,115.1,0,4,22/10/2021,23/10/2021
3130,32171,24,95,74.6,0,3,22/10/2021,23/10/2021
3131,22499,46,90,204.5,1,5,22/10/2021,23/10/2021
3132,16148,9,39,55.7,0,3,22/10/2021,23/10/2021
3133,22119,34,72,153.7,2,4,22/10/2021,23/10/2021
3134,32782,37,130,112.9,2,4,22/10/2021,23/10/2021
3135,19954,35,87,175.4,3,4,22/10/2021,23/10/2021
3136,44373,69,212,155.5,7,4,22/10/2021,23/10/2021
3137,13872,25,128,180.2,3,4,22/10/2021,23/10/2021
3138,21964,25,88,113.8,2,4,22/10/2021,23/10/2021
3139,13722,17,40,123.9,3,4,22/10/2021,23/10/2021
3140,16532,41,102,248,6,5,22/10/2021,23/10/2021
3141,25149,56,201,222.7,2,5,22/10/2021,23/10/2021
3142,12912,22,70,170.4,1,4,22/10/2021,23/10/2021
3143,9052,22,67,243,0,5,22/10/2021,23/10/2021
3144,10885,16,53,147,2,4,22/10/2021,23/10/2021
3145,23294,22,121,94.4,1,3,22/10/2021,23/10/2021
3146,25256,27,94,106.9,2,4,22/10/2021,23/10/2021
3147,14634,27,87,184.5,2,4,22/10/2021,23/10/2021
3148,8643,28,79,324,2,5,22/10/2021,23/10/2021
3149,33612,28,140,83.3,1,3,22/10/2021,23/10/2021
3150,60082,85,255,141.5,1,4,22/10/2021,23/10/2021
3151,10269,12,38,116.9,1,4,22/10/2021,23/10/2021
3152,33089,49,141,148.1,2,4,22/10/2021,23/10/2021
3153,20552,42,168,204.4,7,5,22/10/2021,23/10/2021
3154,4418,4,28,90.5,1,3,22/10/2021,23/10/2021
3155,22193,71,149,319.9,3,5,22/10/2021,23/10/2021
3156,37458,89,200,237.6,7,5,22/10/2021,23/10/2021
3158,6648,11,28,165.5,0,4,22/10/2021,23/10/2021
3159,2652,2,7,75.4,0,3,22/10/2021,23/10/2021
3160,9014,12,42,133.1,0,4,22/10/2021,23/10/2021
3161,15271,41,104,268.5,5,5,22/10/2021,23/10/2021
3162,17452,58,123,332.3,1,5,22/10/2021,23/10/2021
3163,32355,66,188,204,5,5,22/10/2021,23/10/2021
3164,0,0,0,0,0,0,22/10/2021,23/10/2021
3165,27636,53,141,191.8,2,4,22/10/2021,23/10/2021
3166,23759,67,194,282,5,5,22/10/2021,23/10/2021
3167,9259,23,63,248.4,1,5,22/10/2021,23/10/2021
3168,20200,47,168,232.7,2,5,22/10/2021,23/10/2021
3169,20122,107,217,531.8,5,6,22/10/2021,23/10/2021
3170,19370,83,178,428.5,7,5,22/10/2021,23/10/2021
3171,21713,165,262,759.9,12,6,22/10/2021,23/10/2021
3172,23091,182,257,788.2,7,6,22/10/2021,23/10/2021
3173,25785,204,391,791.2,6,6,22/10/2021,23/10/2021
3174,38465,364,679,946.3,17,6,22/10/2021,23/10/2021
3175,53297,773,1517,1450.4,87,7,22/10/2021,23/10/2021
3177,11305,169,337,1494.9,9,7,22/10/2021,23/10/2021
3178,33669,71,181,210.9,7,5,22/10/2021,23/10/2021
3179,6019,7,33,116.3,2,4,22/10/2021,23/10/2021
3180,7462,18,51,241.2,1,5,22/10/2021,23/10/2021
3181,20267,38,209,187.5,2,4,22/10/2021,23/10/2021
3182,23394,99,315,423.2,3,5,22/10/2021,23/10/2021
3183,18491,82,203,443.5,8,5,22/10/2021,23/10/2021
3184,15547,28,104,180.1,5,4,22/10/2021,23/10/2021
3185,12932,36,92,278.4,1,5,22/10/2021,23/10/2021
3186,23258,39,203,167.7,3,4,22/10/2021,23/10/2021
3187,15997,38,103,237.5,2,5,22/10/2021,23/10/2021
3188,18082,43,93,237.8,0,5,22/10/2021,23/10/2021
3189,5894,18,38,305.4,3,5,22/10/2021,23/10/2021
3190,10457,31,130,296.5,0,5,22/10/2021,23/10/2021
3191,10242,8,53,78.1,3,3,22/10/2021,23/10/2021
3192,22292,28,126,125.6,1,4,22/10/2021,23/10/2021
3193,19505,16,58,82,0,3,22/10/2021,23/10/2021
3194,12965,21,57,162,1,4,22/10/2021,23/10/2021
3315,1629,0,0,0,0,0,22/10/2021,23/10/2021
3317,197,0,0,0,0,0,22/10/2021,23/10/2021
3318,1265,0,0,0,0,0,22/10/2021,23/10/2021
3319,345,0,0,0,0,0,22/10/2021,23/10/2021
3321,1519,1,3,65.8,0,3,22/10/2021,23/10/2021
3322,176,0,0,0,0,0,22/10/2021,23/10/2021
3323,88,0,0,0,0,0,22/10/2021,23/10/2021
3324,531,0,0,0,0,0,22/10/2021,23/10/2021
3325,480,1,1,208.3,0,5,22/10/2021,23/10/2021
3328,1720,0,4,0,0,0,22/10/2021,23/10/2021
3329,284,0,0,0,0,0,22/10/2021,23/10/2021
3330,222,0,0,0,0,0,22/10/2021,23/10/2021
3331,5996,6,9,100.1,2,4,22/10/2021,23/10/2021
3332,1013,2,7,197.4,0,4,22/10/2021,23/10/2021
3333,827,0,1,0,0,0,22/10/2021,23/10/2021
3334,566,0,2,0,0,0,22/10/2021,23/10/2021
3335,5859,98,288,1672.6,10,7,22/10/2021,23/10/2021
3336,0,0,0,0,0,0,22/10/2021,23/10/2021
3337,36455,391,908,1072.6,37,7,22/10/2021,23/10/2021
3338,23419,307,930,1310.9,48,7,22/10/2021,23/10/2021
3340,21123,51,164,241.4,2,5,22/10/2021,23/10/2021
3341,1666,7,8,420.2,1,5,22/10/2021,23/10/2021
3342,3440,4,10,116.3,1,4,22/10/2021,23/10/2021
3345,1151,1,1,86.9,0,3,22/10/2021,23/10/2021
3350,59147,32,117,54.1,3,3,22/10/2021,23/10/2021
3351,8169,0,1,0,0,0,22/10/2021,23/10/2021
3352,16000,9,22,56.2,1,3,22/10/2021,23/10/2021
3355,13016,5,18,38.4,0,2,22/10/2021,23/10/2021
3356,16322,14,34,85.8,1,3,22/10/2021,23/10/2021
3357,3714,0,0,0,0,0,22/10/2021,23/10/2021
3360,765,0,0,0,0,0,22/10/2021,23/10/2021
3361,680,0,0,0,0,0,22/10/2021,23/10/2021
3363,3476,0,0,0,0,0,22/10/2021,23/10/2021
3364,2149,0,2,0,0,0,22/10/2021,23/10/2021
3370,1782,0,0,0,0,0,22/10/2021,23/10/2021
3371,990,0,0,0,0,0,22/10/2021,23/10/2021
3373,2291,2,5,87.3,0,3,22/10/2021,23/10/2021
3374,399,0,0,0,0,0,22/10/2021,23/10/2021
3375,206,0,0,0,0,0,22/10/2021,23/10/2021
3377,9414,0,16,0,0,0,22/10/2021,23/10/2021
3378,149,0,0,0,0,0,22/10/2021,23/10/2021
3379,801,0,1,0,0,0,22/10/2021,23/10/2021
3380,6033,0,1,0,0,0,22/10/2021,23/10/2021
3381,1211,0,2,0,0,0,22/10/2021,23/10/2021
3384,547,0,1,0,0,0,22/10/2021,23/10/2021
3385,517,0,0,0,0,0,22/10/2021,23/10/2021
3387,315,0,0,0,0,0,22/10/2021,23/10/2021
3388,562,0,1,0,0,0,22/10/2021,23/10/2021
3390,914,0,0,0,0,0,22/10/2021,23/10/2021
3391,172,0,0,0,0,0,22/10/2021,23/10/2021
3392,581,0,0,0,0,0,22/10/2021,23/10/2021
3393,2684,0,1,0,0,0,22/10/2021,23/10/2021
3395,361,0,0,0,0,0,22/10/2021,23/10/2021
3396,738,0,0,0,0,0,22/10/2021,23/10/2021
3400,14541,1,4,6.9,0,1,22/10/2021,23/10/2021
3401,4418,0,11,0,0,0,22/10/2021,23/10/2021
3407,422,0,0,0,0,0,22/10/2021,23/10/2021
3409,937,0,1,0,0,0,22/10/2021,23/10/2021
3412,299,0,0,0,0,0,22/10/2021,23/10/2021
3413,220,0,0,0,0,0,22/10/2021,23/10/2021
3414,1824,0,0,0,0,0,22/10/2021,23/10/2021
3415,40,0,0,0,0,0,22/10/2021,23/10/2021
3418,2771,0,0,0,0,0,22/10/2021,23/10/2021
3419,806,0,0,0,0,0,22/10/2021,23/10/2021
3420,277,0,1,0,0,0,22/10/2021,23/10/2021
3423,480,0,0,0,0,0,22/10/2021,23/10/2021
3424,769,0,0,0,0,0,22/10/2021,23/10/2021
3427,2761,19,61,688.2,1,6,22/10/2021,23/10/2021
3428,680,2,2,294.1,0,5,22/10/2021,23/10/2021
3429,36296,109,491,300.3,7,5,22/10/2021,23/10/2021
3430,322,2,2,621.1,0,6,22/10/2021,23/10/2021
3431,3945,0,21,0,0,0,22/10/2021,23/10/2021
3432,196,0,0,0,0,0,22/10/2021,23/10/2021
3433,216,2,5,925.9,0,6,22/10/2021,23/10/2021
3434,5070,2,28,39.4,0,2,22/10/2021,23/10/2021
3435,2878,1,11,34.7,0,2,22/10/2021,23/10/2021
3437,10445,9,39,86.2,2,3,22/10/2021,23/10/2021
3438,2386,2,8,83.8,0,3,22/10/2021,23/10/2021
3440,2040,1,3,49,0,2,22/10/2021,23/10/2021
3441,1337,0,4,0,0,0,22/10/2021,23/10/2021
3442,7463,11,22,147.4,3,4,22/10/2021,23/10/2021
3444,9197,5,27,54.4,0,3,22/10/2021,23/10/2021
3446,1028,0,0,0,0,0,22/10/2021,23/10/2021
3447,448,0,0,0,0,0,22/10/2021,23/10/2021
3448,878,0,5,0,0,0,22/10/2021,23/10/2021
3450,6838,4,22,58.5,2,3,22/10/2021,23/10/2021
3451,5654,0,3,0,0,0,22/10/2021,23/10/2021
3453,1725,2,3,115.9,0,4,22/10/2021,23/10/2021
3458,1947,2,5,102.7,0,4,22/10/2021,23/10/2021
3460,2566,1,4,39,0,2,22/10/2021,23/10/2021
3461,4150,0,2,0,0,0,22/10/2021,23/10/2021
3462,1173,0,1,0,0,0,22/10/2021,23/10/2021
3463,2454,0,2,0,0,0,22/10/2021,23/10/2021
3464,1118,0,0,0,0,0,22/10/2021,23/10/2021
3465,9770,0,2,0,0,0,22/10/2021,23/10/2021
3467,1196,0,1,0,0,0,22/10/2021,23/10/2021
3468,284,0,0,0,0,0,22/10/2021,23/10/2021
3469,278,0,0,0,0,0,22/10/2021,23/10/2021
3472,1482,0,0,0,0,0,22/10/2021,23/10/2021
3475,348,0,0,0,0,0,22/10/2021,23/10/2021
3477,824,0,0,0,0,0,22/10/2021,23/10/2021
3478,2457,0,2,0,0,0,22/10/2021,23/10/2021
3480,1862,0,0,0,0,0,22/10/2021,23/10/2021
3482,169,0,0,0,0,0,22/10/2021,23/10/2021
3483,888,0,0,0,0,0,22/10/2021,23/10/2021
3485,302,0,0,0,0,0,22/10/2021,23/10/2021
3487,96,0,0,0,0,0,22/10/2021,23/10/2021
3488,110,0,0,0,0,0,22/10/2021,23/10/2021
3489,53,0,0,0,0,0,22/10/2021,23/10/2021
3490,1290,2,3,155,1,4,22/10/2021,23/10/2021
3491,133,0,0,0,0,0,22/10/2021,23/10/2021
3494,661,0,0,0,0,0,22/10/2021,23/10/2021
3496,6224,13,18,208.9,1,5,22/10/2021,23/10/2021
3498,5324,20,25,375.7,2,5,22/10/2021,23/10/2021
3500,32738,156,224,476.5,5,5,22/10/2021,23/10/2021
3501,1939,3,8,154.7,0,4,22/10/2021,23/10/2021
3505,4829,10,13,207.1,1,5,22/10/2021,23/10/2021
3506,37,0,0,0,0,0,22/10/2021,23/10/2021
3507,157,0,0,0,0,0,22/10/2021,23/10/2021
3509,231,1,1,432.9,0,5,22/10/2021,23/10/2021
3512,371,0,0,0,0,0,22/10/2021,23/10/2021
3515,1940,5,11,257.7,0,5,22/10/2021,23/10/2021
3516,694,0,0,0,0,0,22/10/2021,23/10/2021
3517,1416,0,0,0,0,0,22/10/2021,23/10/2021
3518,1307,0,0,0,0,0,22/10/2021,23/10/2021
3520,179,0,0,0,0,0,22/10/2021,23/10/2021
3521,660,0,2,0,0,0,22/10/2021,23/10/2021
3522,334,1,2,299.4,0,5,22/10/2021,23/10/2021
3523,3619,0,8,0,0,0,22/10/2021,23/10/2021
3525,1302,0,0,0,0,0,22/10/2021,23/10/2021
3527,785,0,0,0,0,0,22/10/2021,23/10/2021
3529,120,0,0,0,0,0,22/10/2021,23/10/2021
3530,125,0,0,0,0,0,22/10/2021,23/10/2021
3531,191,0,0,0,0,0,22/10/2021,23/10/2021
3533,779,0,0,0,0,0,22/10/2021,23/10/2021
3537,1042,0,0,0,0,0,22/10/2021,23/10/2021
3540,286,0,0,0,0,0,22/10/2021,23/10/2021
3542,155,0,0,0,0,0,22/10/2021,23/10/2021
3544,249,0,0,0,0,0,22/10/2021,23/10/2021
3546,403,0,0,0,0,0,22/10/2021,23/10/2021
3549,3527,3,4,85.1,0,3,22/10/2021,23/10/2021
3550,40341,68,112,168.6,6,4,22/10/2021,23/10/2021
3551,29564,38,63,128.5,5,4,22/10/2021,23/10/2021
3555,19688,32,66,162.5,7,4,22/10/2021,23/10/2021
3556,13087,23,28,175.7,1,4,22/10/2021,23/10/2021
3557,785,0,0,0,0,0,22/10/2021,23/10/2021
3558,916,0,0,0,0,0,22/10/2021,23/10/2021
3559,545,0,0,0,0,0,22/10/2021,23/10/2021
3561,4434,0,3,0,0,0,22/10/2021,23/10/2021
3562,278,0,0,0,0,0,22/10/2021,23/10/2021
3563,808,0,0,0,0,0,22/10/2021,23/10/2021
3564,15944,9,16,56.4,2,3,22/10/2021,23/10/2021
3565,107,0,0,0,0,0,22/10/2021,23/10/2021
3566,556,0,0,0,0,0,22/10/2021,23/10/2021
3567,654,0,0,0,0,0,22/10/2021,23/10/2021
3568,2948,2,3,67.8,0,3,22/10/2021,23/10/2021
3570,752,3,3,398.9,0,5,22/10/2021,23/10/2021
3571,319,0,0,0,0,0,22/10/2021,23/10/2021
3572,151,0,0,0,0,0,22/10/2021,23/10/2021
3573,331,0,3,0,0,0,22/10/2021,23/10/2021
3575,807,0,0,0,0,0,22/10/2021,23/10/2021
3576,72,0,1,0,0,0,22/10/2021,23/10/2021
3579,5362,0,9,0,0,0,22/10/2021,23/10/2021
3580,990,3,3,303,0,5,22/10/2021,23/10/2021
3581,163,0,0,0,0,0,22/10/2021,23/10/2021
3583,208,1,1,480.8,1,5,22/10/2021,23/10/2021
3584,1139,2,2,175.6,1,4,22/10/2021,23/10/2021
3585,11205,47,52,419.5,13,5,22/10/2021,23/10/2021
3586,825,1,1,121.2,1,4,22/10/2021,23/10/2021
3588,359,0,0,0,0,0,22/10/2021,23/10/2021
3589,347,2,2,576.4,1,6,22/10/2021,23/10/2021
3590,335,1,1,298.5,0,5,22/10/2021,23/10/2021
3591,164,0,0,0,0,0,22/10/2021,23/10/2021
3594,529,0,1,0,0,0,22/10/2021,23/10/2021
3595,665,1,1,150.4,0,4,22/10/2021,23/10/2021
3596,96,0,0,0,0,0,22/10/2021,23/10/2021
3597,413,0,0,0,0,0,22/10/2021,23/10/2021
3599,133,1,1,751.9,1,6,22/10/2021,23/10/2021
3607,136,0,0,0,0,0,22/10/2021,23/10/2021
3608,2417,2,2,82.7,1,3,22/10/2021,23/10/2021
3610,1714,2,4,116.7,0,4,22/10/2021,23/10/2021
3612,1708,1,2,58.5,1,3,22/10/2021,23/10/2021
3614,882,1,3,113.4,0,4,22/10/2021,23/10/2021
3616,5353,16,32,298.9,1,5,22/10/2021,23/10/2021
3617,163,0,0,0,0,0,22/10/2021,23/10/2021
3618,675,0,7,0,0,0,22/10/2021,23/10/2021
3620,8241,6,11,72.8,1,3,22/10/2021,23/10/2021
3621,2368,0,0,0,0,0,22/10/2021,23/10/2021
3622,456,0,1,0,0,0,22/10/2021,23/10/2021
3623,903,0,0,0,0,0,22/10/2021,23/10/2021
3624,558,0,1,0,0,0,22/10/2021,23/10/2021
3629,9130,13,31,142.4,1,4,22/10/2021,23/10/2021
3630,31266,181,376,578.9,14,6,22/10/2021,23/10/2021
3631,11610,31,133,267,4,5,22/10/2021,23/10/2021
3632,0,0,0,0,0,0,22/10/2021,23/10/2021
3633,604,0,0,0,0,0,22/10/2021,23/10/2021
3634,1798,4,5,222.5,0,5,22/10/2021,23/10/2021
3635,536,0,0,0,0,0,22/10/2021,23/10/2021
3636,5241,4,8,76.3,1,3,22/10/2021,23/10/2021
3637,593,0,0,0,0,0,22/10/2021,23/10/2021
3638,2075,0,2,0,0,0,22/10/2021,23/10/2021
3639,524,0,0,0,0,0,22/10/2021,23/10/2021
3640,1000,0,0,0,0,0,22/10/2021,23/10/2021
3641,1233,0,0,0,0,0,22/10/2021,23/10/2021
3644,9229,7,9,75.8,2,3,22/10/2021,23/10/2021
3646,586,0,0,0,0,0,22/10/2021,23/10/2021
3647,40,0,0,0,0,0,22/10/2021,23/10/2021
3649,431,0,0,0,0,0,22/10/2021,23/10/2021
3658,6221,4,51,64.3,2,3,22/10/2021,23/10/2021
3659,734,2,5,272.5,0,5,22/10/2021,23/10/2021
3660,7577,6,20,79.2,1,3,22/10/2021,23/10/2021
3662,1075,1,2,93,0,3,22/10/2021,23/10/2021
3663,180,1,1,555.6,1,6,22/10/2021,23/10/2021
3664,1072,3,5,279.9,0,5,22/10/2021,23/10/2021
3665,357,0,0,0,0,0,22/10/2021,23/10/2021
3666,4700,5,9,106.4,1,4,22/10/2021,23/10/2021
3669,1337,1,1,74.8,0,3,22/10/2021,23/10/2021
3670,571,2,2,350.3,0,5,22/10/2021,23/10/2021
3672,10330,9,18,87.1,2,3,22/10/2021,23/10/2021
3673,1729,1,1,57.8,0,3,22/10/2021,23/10/2021
3675,1803,0,1,0,0,0,22/10/2021,23/10/2021
3677,18101,34,41,187.8,10,4,22/10/2021,23/10/2021
3678,6357,1,1,15.7,1,1,22/10/2021,23/10/2021
3682,616,1,1,162.3,0,4,22/10/2021,23/10/2021
3683,1760,1,1,56.8,0,3,22/10/2021,23/10/2021
3685,2718,0,1,0,0,0,22/10/2021,23/10/2021
3687,1098,0,0,0,0,0,22/10/2021,23/10/2021
3688,1237,0,0,0,0,0,22/10/2021,23/10/2021
3690,33522,60,70,179,20,4,22/10/2021,23/10/2021
3691,9704,5,8,51.5,2,3,22/10/2021,23/10/2021
3694,92,0,0,0,0,0,22/10/2021,23/10/2021
3695,472,0,0,0,0,0,22/10/2021,23/10/2021
3697,575,0,0,0,0,0,22/10/2021,23/10/2021
3698,862,0,0,0,0,0,22/10/2021,23/10/2021
3699,1124,0,0,0,0,0,22/10/2021,23/10/2021
3700,1317,0,0,0,0,0,22/10/2021,23/10/2021
3701,1075,0,0,0,0,0,22/10/2021,23/10/2021
3704,20,0,0,0,0,0,22/10/2021,23/10/2021
3705,261,0,0,0,0,0,22/10/2021,23/10/2021
3707,1836,6,6,326.8,0,5,22/10/2021,23/10/2021
3708,58,0,0,0,0,0,22/10/2021,23/10/2021
3709,295,0,0,0,0,0,22/10/2021,23/10/2021
3711,493,3,3,608.5,0,6,22/10/2021,23/10/2021
3712,353,0,0,0,0,0,22/10/2021,23/10/2021
3713,1026,0,0,0,0,0,22/10/2021,23/10/2021
3714,3512,1,2,28.5,0,2,22/10/2021,23/10/2021
3715,308,0,1,0,0,0,22/10/2021,23/10/2021
3717,2654,11,18,414.5,2,5,22/10/2021,23/10/2021
3718,72,0,0,0,0,0,22/10/2021,23/10/2021
3719,371,0,0,0,0,0,22/10/2021,23/10/2021
3720,569,0,1,0,0,0,22/10/2021,23/10/2021
3722,5020,0,4,0,0,0,22/10/2021,23/10/2021
3723,3003,0,5,0,0,0,22/10/2021,23/10/2021
3725,631,0,0,0,0,0,22/10/2021,23/10/2021
3726,404,0,0,0,0,0,22/10/2021,23/10/2021
3727,305,0,0,0,0,0,22/10/2021,23/10/2021
3728,635,0,0,0,0,0,22/10/2021,23/10/2021
3730,8831,1,5,11.3,0,1,22/10/2021,23/10/2021
3732,595,0,0,0,0,0,22/10/2021,23/10/2021
3733,219,0,0,0,0,0,22/10/2021,23/10/2021
3735,609,0,0,0,0,0,22/10/2021,23/10/2021
3737,4302,2,2,46.5,0,2,22/10/2021,23/10/2021
3738,222,0,0,0,0,0,22/10/2021,23/10/2021
3739,215,0,0,0,0,0,22/10/2021,23/10/2021
3740,1075,0,0,0,0,0,22/10/2021,23/10/2021
3741,3098,0,2,0,0,0,22/10/2021,23/10/2021
3744,453,0,0,0,0,0,22/10/2021,23/10/2021
3746,385,0,0,0,0,0,22/10/2021,23/10/2021
3747,4628,1,1,21.6,0,2,22/10/2021,23/10/2021
3749,1889,0,0,0,0,0,22/10/2021,23/10/2021
3750,9060,176,742,1942.6,17,7,22/10/2021,23/10/2021
3751,272,1,10,367.6,0,5,22/10/2021,23/10/2021
3752,24057,210,597,872.9,22,6,22/10/2021,23/10/2021
3753,2328,36,95,1546.4,4,7,22/10/2021,23/10/2021
3754,37758,257,785,680.7,17,6,22/10/2021,23/10/2021
3755,251,2,2,796.8,0,6,22/10/2021,23/10/2021
3756,11926,84,215,704.3,11,6,22/10/2021,23/10/2021
3757,8955,22,65,245.7,6,5,22/10/2021,23/10/2021
3758,2182,7,15,320.8,0,5,22/10/2021,23/10/2021
3759,1062,0,1,0,0,0,22/10/2021,23/10/2021
3760,372,0,1,0,0,0,22/10/2021,23/10/2021
3761,1230,7,13,569.1,0,6,22/10/2021,23/10/2021
3762,131,0,0,0,0,0,22/10/2021,23/10/2021
3763,1536,3,10,195.3,0,4,22/10/2021,23/10/2021
3764,9161,9,53,98.2,2,3,22/10/2021,23/10/2021
3765,6764,4,21,59.1,0,3,22/10/2021,23/10/2021
3766,1240,2,8,161.3,0,4,22/10/2021,23/10/2021
3767,1253,0,2,0,0,0,22/10/2021,23/10/2021
3770,3222,3,10,93.1,0,3,22/10/2021,23/10/2021
3775,3865,1,7,25.9,0,2,22/10/2021,23/10/2021
3777,10753,9,31,83.7,0,3,22/10/2021,23/10/2021
3778,199,0,1,0,0,0,22/10/2021,23/10/2021
3779,394,0,0,0,0,0,22/10/2021,23/10/2021
3781,4471,9,17,201.3,0,5,22/10/2021,23/10/2021
3782,7824,8,36,102.2,0,4,22/10/2021,23/10/2021
3783,2350,2,6,85.1,0,3,22/10/2021,23/10/2021
3785,77,2,2,2597.4,0,7,22/10/2021,23/10/2021
3786,1520,0,2,0,0,0,22/10/2021,23/10/2021
3787,1059,3,7,283.3,0,5,22/10/2021,23/10/2021
3788,1742,1,2,57.4,0,3,22/10/2021,23/10/2021
3789,265,0,0,0,0,0,22/10/2021,23/10/2021
3791,1440,4,6,277.8,0,5,22/10/2021,23/10/2021
3792,1064,0,0,0,0,0,22/10/2021,23/10/2021
3793,3575,6,17,167.8,2,4,22/10/2021,23/10/2021
3795,1249,2,5,160.1,0,4,22/10/2021,23/10/2021
3796,9698,17,35,175.3,2,4,22/10/2021,23/10/2021
3797,3474,5,12,143.9,0,4,22/10/2021,23/10/2021
3799,5800,7,14,120.7,3,4,22/10/2021,23/10/2021
3800,2211,0,0,0,0,0,22/10/2021,23/10/2021
3802,24292,149,356,613.4,6,6,22/10/2021,23/10/2021
3803,10856,119,327,1096.2,5,7,22/10/2021,23/10/2021
3804,8096,66,129,815.2,5,6,22/10/2021,23/10/2021
3805,56937,389,844,683.2,29,6,22/10/2021,23/10/2021
3806,48521,190,385,391.6,19,5,22/10/2021,23/10/2021
3807,7096,13,48,183.2,1,4,22/10/2021,23/10/2021
3808,3031,6,20,198,0,4,22/10/2021,23/10/2021
3809,7212,91,209,1261.8,8,7,22/10/2021,23/10/2021
3810,47892,253,657,528.3,22,6,22/10/2021,23/10/2021
3812,2310,6,19,259.7,0,5,22/10/2021,23/10/2021
3813,886,3,5,338.6,0,5,22/10/2021,23/10/2021
3814,2257,4,10,177.2,0,4,22/10/2021,23/10/2021
3815,3020,7,10,231.8,1,5,22/10/2021,23/10/2021
3816,2717,17,28,625.7,0,6,22/10/2021,23/10/2021
3818,14170,77,129,543.4,4,6,22/10/2021,23/10/2021
3820,15952,74,110,463.9,9,5,22/10/2021,23/10/2021
3821,2918,1,9,34.3,0,2,22/10/2021,23/10/2021
3822,983,0,1,0,0,0,22/10/2021,23/10/2021
3823,1839,10,22,543.8,3,6,22/10/2021,23/10/2021
3824,5003,7,9,139.9,0,4,22/10/2021,23/10/2021
3825,20282,100,123,493,20,5,22/10/2021,23/10/2021
3831,1701,4,11,235.2,1,5,22/10/2021,23/10/2021
3832,249,2,2,803.2,0,6,22/10/2021,23/10/2021
3833,304,0,0,0,0,0,22/10/2021,23/10/2021
3835,472,6,6,1271.2,0,7,22/10/2021,23/10/2021
3840,16478,111,177,673.6,9,6,22/10/2021,23/10/2021
3842,4784,16,26,334.4,1,5,22/10/2021,23/10/2021
3844,28981,49,142,169.1,9,4,22/10/2021,23/10/2021
3847,2191,0,3,0,0,0,22/10/2021,23/10/2021
3850,14782,4,15,27.1,1,2,22/10/2021,23/10/2021
3851,5689,2,6,35.2,0,2,22/10/2021,23/10/2021
3852,92,0,0,0,0,0,22/10/2021,23/10/2021
3854,1400,3,5,214.3,1,5,22/10/2021,23/10/2021
3856,992,0,4,0,0,0,22/10/2021,23/10/2021
3857,368,0,0,0,0,0,22/10/2021,23/10/2021
3858,3026,0,0,0,0,0,22/10/2021,23/10/2021
3859,834,1,2,119.9,0,4,22/10/2021,23/10/2021
3860,7171,1,3,13.9,1,1,22/10/2021,23/10/2021
3862,3157,0,3,0,0,0,22/10/2021,23/10/2021
3864,218,0,0,0,0,0,22/10/2021,23/10/2021
3865,445,0,1,0,0,0,22/10/2021,23/10/2021
3869,1624,3,3,184.7,0,4,22/10/2021,23/10/2021
3870,1265,2,2,158.1,0,4,22/10/2021,23/10/2021
3871,2904,0,2,0,0,0,22/10/2021,23/10/2021
3873,323,0,0,0,0,0,22/10/2021,23/10/2021
3874,558,4,4,716.8,0,6,22/10/2021,23/10/2021
3875,18625,8,16,43,3,2,22/10/2021,23/10/2021
3878,1098,0,0,0,0,0,22/10/2021,23/10/2021
3880,4037,1,4,24.8,0,2,22/10/2021,23/10/2021
3882,1094,0,0,0,0,0,22/10/2021,23/10/2021
3885,1868,0,0,0,0,0,22/10/2021,23/10/2021
3886,395,0,0,0,0,0,22/10/2021,23/10/2021
3887,342,1,1,292.4,0,5,22/10/2021,23/10/2021
3888,3421,0,0,0,0,0,22/10/2021,23/10/2021
3889,179,0,0,0,0,0,22/10/2021,23/10/2021
3890,324,0,0,0,0,0,22/10/2021,23/10/2021
3891,104,0,0,0,0,0,22/10/2021,23/10/2021
3892,1060,0,0,0,0,0,22/10/2021,23/10/2021
3893,22,0,0,0,0,0,22/10/2021,23/10/2021
3895,194,0,0,0,0,0,22/10/2021,23/10/2021
3896,405,0,0,0,0,0,22/10/2021,23/10/2021
3898,790,0,0,0,0,0,22/10/2021,23/10/2021
3900,151,0,0,0,0,0,22/10/2021,23/10/2021
3902,412,0,0,0,0,0,22/10/2021,23/10/2021
3903,746,3,3,402.1,1,5,22/10/2021,23/10/2021
3904,1452,0,1,0,0,0,22/10/2021,23/10/2021
3909,7901,3,3,38,0,2,22/10/2021,23/10/2021
3910,22587,48,139,212.5,7,5,22/10/2021,23/10/2021
3911,3413,7,11,205.1,0,5,22/10/2021,23/10/2021
3912,15154,32,62,211.2,6,5,22/10/2021,23/10/2021
3913,3337,5,14,149.8,0,4,22/10/2021,23/10/2021
3915,9960,73,109,732.9,2,6,22/10/2021,23/10/2021
3916,952,0,1,0,0,0,22/10/2021,23/10/2021
3918,3704,7,13,189,1,4,22/10/2021,23/10/2021
3919,3182,15,20,471.4,1,5,22/10/2021,23/10/2021
3920,1037,1,2,96.4,0,3,22/10/2021,23/10/2021
3921,114,0,0,0,0,0,22/10/2021,23/10/2021
3922,7740,1,3,12.9,0,1,22/10/2021,23/10/2021
3923,516,1,1,193.8,0,4,22/10/2021,23/10/2021
3925,3377,3,5,88.8,1,3,22/10/2021,23/10/2021
3926,3240,2,6,61.7,0,3,22/10/2021,23/10/2021
3927,1671,1,5,59.8,0,3,22/10/2021,23/10/2021
3928,413,0,1,0,0,0,22/10/2021,23/10/2021
3929,906,0,9,0,0,0,22/10/2021,23/10/2021
3930,17889,7,30,39.1,1,2,22/10/2021,23/10/2021
3931,23991,21,109,87.5,1,3,22/10/2021,23/10/2021
3933,1101,2,7,181.7,0,4,22/10/2021,23/10/2021
3934,18547,18,56,97.1,1,3,22/10/2021,23/10/2021
3936,11024,12,26,108.9,0,4,22/10/2021,23/10/2021
3937,1519,1,1,65.8,0,3,22/10/2021,23/10/2021
3938,2820,1,5,35.5,0,2,22/10/2021,23/10/2021
3939,14522,35,66,241,8,5,22/10/2021,23/10/2021
3940,4930,9,21,182.6,1,4,22/10/2021,23/10/2021
3941,12174,19,42,156.1,3,4,22/10/2021,23/10/2021
3942,2317,1,12,43.2,0,2,22/10/2021,23/10/2021
3943,1593,2,12,125.5,0,4,22/10/2021,23/10/2021
3944,510,0,7,0,0,0,22/10/2021,23/10/2021
3945,976,8,9,819.7,0,6,22/10/2021,23/10/2021
3946,216,0,0,0,0,0,22/10/2021,23/10/2021
3950,4798,3,13,62.5,0,3,22/10/2021,23/10/2021
3951,1005,0,1,0,0,0,22/10/2021,23/10/2021
3953,7859,1,6,12.7,0,1,22/10/2021,23/10/2021
3954,404,0,0,0,0,0,22/10/2021,23/10/2021
3956,2818,0,2,0,0,0,22/10/2021,23/10/2021
3957,279,0,0,0,0,0,22/10/2021,23/10/2021
3958,272,0,0,0,0,0,22/10/2021,23/10/2021
3959,1153,0,0,0,0,0,22/10/2021,23/10/2021
3960,2477,0,1,0,0,0,22/10/2021,23/10/2021
3962,913,0,0,0,0,0,22/10/2021,23/10/2021
3964,133,0,0,0,0,0,22/10/2021,23/10/2021
3965,208,1,1,480.8,0,5,22/10/2021,23/10/2021
3966,510,0,0,0,0,0,22/10/2021,23/10/2021
3967,127,0,1,0,0,0,22/10/2021,23/10/2021
3971,4017,3,4,74.7,0,3,22/10/2021,23/10/2021
3975,15246,70,206,459.1,2,5,22/10/2021,23/10/2021
3976,25532,254,501,994.8,13,6,22/10/2021,23/10/2021
3977,93322,695,1508,744.7,48,6,22/10/2021,23/10/2021
3978,10648,261,537,2451.2,29,7,22/10/2021,23/10/2021
3979,315,1,1,317.5,1,5,22/10/2021,23/10/2021
3980,3350,5,16,149.3,2,4,22/10/2021,23/10/2021
3981,4901,21,27,428.5,0,5,22/10/2021,23/10/2021
3984,5212,7,23,134.3,0,4,22/10/2021,23/10/2021
3987,1527,3,6,196.5,0,4,22/10/2021,23/10/2021
3988,1001,1,4,99.9,0,3,22/10/2021,23/10/2021
3990,110,0,0,0,0,0,22/10/2021,23/10/2021
3991,357,0,0,0,0,0,22/10/2021,23/10/2021
3992,966,2,4,207,0,5,22/10/2021,23/10/2021
3995,10171,13,19,127.8,2,4,22/10/2021,23/10/2021
3996,5541,2,6,36.1,0,2,22/10/2021,23/10/2021
9998,,10,250,0,2,0,22/10/2021,23/10/2021
9999,,221,772,0,8,0,22/10/2021,23/10/2021